{
  "hard_iron_bias": [
    28.722142743165772,
    20.86312500793751,
    9.953913758035801
  ],
  "soft_iron_matrix_M": [
    [
      0.016566778785269198,
      8.587996006276913e-05,
      0.0001673933424778361
    ],
    [
      8.587996006276911e-05,
      0.016954403626830372,
      5.4893490958347345e-05
    ],
    [
      0.0001673933424778358,
      5.489349095834694e-05,
      0.016983076593211854
    ]
  ],
  "scale_factor": 1.0013043258544732,
  "overall_calibration_matrix": [
    [
      0.01658838726316416,
      8.599197551506013e-05,
      0.0001676116779422966
    ],
    [
      8.59919755150601e-05,
      0.01697651769382802,
      5.4965089957846605e-05
    ],
    [
      0.00016761167794229631,
      5.49650899578462e-05,
      0.017005228059100878
    ]
  ]
}